data,turno,codice
2025-11-01,M,
2025-11-01,P,
2025-11-01,N,
2025-11-02,M,
2025-11-02,P,
2025-11-02,N,
2025-11-03,M,
2025-11-03,P,
2025-11-03,N,
2025-11-04,M,
2025-11-04,P,
2025-11-04,N,
2025-11-05,M,
2025-11-05,P,
2025-11-05,N,
2025-11-06,M,
2025-11-06,P,
2025-11-06,N,
2025-11-07,M,
2025-11-07,P,
2025-11-07,N,
2025-11-08,M,
2025-11-08,P,
2025-11-08,N,
2025-11-09,M,
2025-11-09,P,
2025-11-09,N,
2025-11-10,M,
2025-11-10,P,
2025-11-10,N,
2025-11-11,M,
2025-11-11,P,
2025-11-11,N,
2025-11-12,M,
2025-11-12,P,
2025-11-12,N,
2025-11-13,M,
2025-11-13,P,
2025-11-13,N,
2025-11-14,M,
2025-11-14,P,
2025-11-14,N,
2025-11-15,M,
2025-11-15,P,
2025-11-15,N,
2025-11-16,M,
2025-11-16,P,
2025-11-16,N,
2025-11-17,M,
2025-11-17,P,
2025-11-17,N,
2025-11-18,M,
2025-11-18,P,
2025-11-18,N,
2025-11-19,M,
2025-11-19,P,
2025-11-19,N,
2025-11-20,M,
2025-11-20,P,
2025-11-20,N,
2025-11-21,M,
2025-11-21,P,
2025-11-21,N,
2025-11-22,M,
2025-11-22,P,
2025-11-22,N,
2025-11-23,M,
2025-11-23,P,
2025-11-23,N,
2025-11-24,M,
2025-11-24,P,
2025-11-24,N,
2025-11-25,M,
2025-11-25,P,
2025-11-25,N,
2025-11-26,M,
2025-11-26,P,
2025-11-26,N,
2025-11-27,M,
2025-11-27,P,
2025-11-27,N,
2025-11-28,M,
2025-11-28,P,
2025-11-28,N,
2025-11-29,M,
2025-11-29,P,
2025-11-29,N,
2025-11-30,M,
2025-11-30,P,
2025-11-30,N,
